1,Imogen
2,Amity
3,Val
4,Clo
5,Marietta
6,Sholom
7,Layla
8,Donaugh
9,Gideon
10,Smith
11,Shirl
12,Dwayne
13,Gaye
14,Koo
15,Ava
16,Marjy
17,Gabrila
18,Dex
19,Elvin
20,Marrissa
21,Babara
22,Walsh
23,Leoine
24,Ephrem
25,Cindee
26,Effie
27,Maggee
28,Cornie
29,Constantina
30,Vonni
31,Verile
32,Rhody
33,Domenic
34,Ruthann
35,Cecilio
36,Veda
37,Anna
38,Rory
39,Tyne
40,Elfrida
41,Lynnett
42,Averill
43,Sephira
44,Rosalyn
45,Regine
46,Adelaide
47,Desiree
48,Howey
49,Hadlee
50,Chandra
51,Osbourn
52,Clarey
53,Kerrie
54,Aggy
55,Engracia
56,Constantine
57,Adair
58,Nerty
59,Kippie
60,Anstice
61,Pammie
62,Silva
63,Agosto
64,Cori
65,Carly
66,Talyah
67,Ines
68,Letitia
69,Nicolette
70,Selie
71,Kania
72,Colby
73,Audie
74,Ali
75,Sara-ann
76,Conny
77,Freedman
78,Barrie
79,Melisa
80,Brandea
81,Hyacinth
82,Zorina
83,Peria
84,Yasmin
85,Paten
86,Ted
87,Corie
88,Cobbie
89,Hatty
90,Loree
91,Myrilla
92,Eustace
93,Barbette
94,Justina
95,Fernanda
96,Ronnie
97,Milty
98,Harley
99,Kata
100,Timmy
101,Donnell
102,Lon
103,Jamima
104,Ario
105,Florie
106,Addia
107,Brad
108,Trevor
109,Lucais
110,Tripp
111,Ashlee
112,Alisander
113,Zoe
114,Kati
115,Ellynn
116,Maurene
117,Phineas
118,Othelia
119,Jarid
120,Chantalle
121,Sharyl
122,Yule
123,Marchall
124,Della
125,Rem
126,Prisca
127,Coraline
128,Ilyse
129,Tiff
130,Trever
131,Kayla
132,Salomone
133,Dickie
134,Nataniel
135,Wolfgang
136,Colline
137,Addia
138,Hersh
139,Fredia
140,Leah
141,Agata
142,Maddie
143,Ronny
144,Nap
145,Shandy
146,Feodora
147,Laurie
148,Daisy
149,Phip
150,Ursuline
151,Noam
152,June
153,Irvine
154,Bliss
155,Eugine
156,Rene
157,Cointon
158,Tony
159,Felike
160,Maridel
161,Kelli
162,Haroun
163,Ferguson
164,Binky
165,Myriam
166,Reginauld
167,Carlynn
168,Jamison
169,Auria
170,Theobald
171,Malorie
172,Aubry
173,Mitchell
174,Lorinda
175,Loni
176,Ainsley
177,Melodee
178,Alejoa
179,Nye
180,Gerri
181,Marylinda
182,Rafaelia
183,Loutitia
184,Mercedes
185,Perri
186,Klarika
187,Inge
188,Miguela
189,Teri
190,Rinaldo
191,Peggi
192,Hewitt
193,Rozanna
194,Simone
195,Ebba
196,Birk
197,Adorne
198,Elvira
199,Sarah
200,Tina
201,Peg
202,Babbie
203,Andree
204,Marlene
205,Andriana
206,Dixie
207,Ellyn
208,Auria
209,Hurley
210,Stesha
211,Merrick
212,Hana
213,Melloney
214,Zara
215,Vonny
216,Odie
217,Mia
218,Kinna
219,Ave
220,Colline
221,Christal
222,Adella
223,Cassandre
224,Bob
225,Gibb
226,Martita
227,Griselda
228,Angeli
229,Joell
230,Corabella
231,Rey
232,Anastassia
233,Tova
234,Coop
235,Teri
236,Zita
237,Floris
238,Pattie
239,Buck
240,Husain
241,Elisabetta
242,Etty
243,Rollin
244,Lesli
245,Rafaello
246,Corissa
247,Marquita
248,Misti
249,Petronilla
250,Lucky
251,Magdalen
252,Kurtis
253,Barbe
254,Ernest
255,Goober
256,Codie
257,Pete
258,Ashley
259,Frederic
260,Shelley
261,Thatcher
262,Karia
263,Malina
264,Meggie
265,Emanuel
266,Jay
267,Hilarius
268,Roman
269,Meggy
270,Bradly
271,Jeanine
272,Valentina
273,Edd
274,Wade
275,Irita
276,Wit
277,Renee
278,Alberta
279,Kellsie
280,Fanechka
281,Witty
282,Rickie
283,Kip
284,Beltran
285,Rik
286,Teddy
287,Letisha
288,Dulce
289,Ruthanne
290,Florinda
291,Filberto
292,Milton
293,Ed
294,Dacia
295,Jolynn
296,Sebastian
297,Cheslie
298,Xymenes
299,Angela
300,Danielle
301,Wildon
302,Guinna
303,Laurie
304,Oriana
305,Mack
306,Mirabelle
307,Demetrius
308,Clive
309,Matty
310,Melosa
311,Quintin
312,Christian
313,Mahmud
314,Beaufort
315,Tucker
316,Jasen
317,Lowell
318,Feliks
319,Grace
320,Judith
321,Bond
322,Abby
323,Jerrome
324,Amos
325,Selle
326,Jammal
327,Kain
328,Winthrop
329,Mamie
330,Vinson
331,Anitra
332,Nigel
333,Vincenz
334,Brendin
335,Harcourt
336,Hamilton
337,Ki
338,Charley
339,Izabel
340,Kayne
341,Reggi
342,Garwin
343,Othelia
344,Christan
345,Enrica
346,Rania
347,Avie
348,Lyndy
349,Bennett
350,Kendal
351,Jenny
352,Sharia
353,Kira
354,Flynn
355,Adams
356,Tannie
357,Marti
358,Crysta
359,Raddy
360,Maddi
361,Duke
362,George
363,Foster
364,Verna
365,Nadiya
366,Gerik
367,Allx
368,Berty
369,Jena
370,Doyle
371,Sissie
372,Pietro
373,Odille
374,Arliene
375,Babb
376,Judi
377,Licha
378,Melamie
379,Darcie
380,Bartholomeus
381,Bay
382,Mayne
383,Edie
384,Godfry
385,Berrie
386,Haskell
387,Dawn
388,Nikolaus
389,Gilberta
390,Silvanus
391,Linzy
392,Reagan
393,Ynez
394,Kippy
395,Gale
396,Graig
397,Ranna
398,Rollo
399,Kara
400,Octavius
401,Ann-marie
402,Stefa
403,Dale
404,Rodrigo
405,Danni
406,Packston
407,Kain
408,Arleen
409,Lynea
410,Giovanni
411,Marc
412,Alisun
413,Emlyn
414,Dedra
415,Lura
416,Roch
417,Anna-maria
418,Justino
419,Curtis
420,Norry
421,Kiele
422,Brion
423,Gayle
424,Gerard
425,Alaine
426,Mortie
427,Rickert
428,Kailey
429,Yves
430,Trude
431,Harcourt
432,Nat
433,Liuka
434,Dusty
435,Allison
436,Minette
437,Nora
438,Kipper
439,Ernst
440,Toni
441,Niko
442,Hubert
443,Marilin
444,Erin
445,Sarge
446,Sholom
447,Chloris
448,Buffy
449,Brandyn
450,Glendon
451,Barrie
452,Annabal
453,Jo-ann
454,Errick
455,Jeane
456,Gordon
457,Forster
458,Pepita
459,Dodi
460,Mollee
461,Sibylle
462,Peg
463,Dwight
464,Rees
465,Brett
466,Juanita
467,Eula
468,Paquito
469,Angelika
470,Derby
471,Leticia
472,Marilyn
473,Lorelei
474,Arturo
475,Crissie
476,Sissy
477,El
478,Blondy
479,Freeman
480,Michaeline
481,Cos
482,Evelyn
483,Mayer
484,Bernarr
485,Berrie
486,Daffi
487,Cal
488,Melanie
489,Rianon
490,Lilith
491,Sheree
492,Neill
493,Devy
494,Othelia
495,Lacy
496,Reynolds
497,Benoite
498,Kitti
499,Ado
500,Bonnee
501,Marcella
502,Wren
503,Maye
504,Tawnya
505,Lyon
506,Had
507,Alvan
508,Elenore
509,Silvia
510,Rouvin
511,Harold
512,Burk
513,Roseanne
514,Durand
515,Jolene
516,Mickie
517,Sheridan
518,Milton
519,Janka
520,Thaddus
521,Taffy
522,Andrey
523,Valerye
524,Bren
525,Catlee
526,Templeton
527,Gabbey
528,Halimeda
529,Evin
530,Teresina
531,Floria
532,Bambi
533,Felicle
534,Nil
535,Ignacio
536,Courtnay
537,Lena
538,Livvie
539,Iggie
540,Jerri
541,Debby
542,Rudyard
543,Port
544,Rab
545,Christel
546,Godard
547,Perren
548,Roland
549,Fawn
550,Giffy
551,Bernita
552,Christy
553,Gustavo
554,Hagen
555,Farly
556,Bethanne
557,Sherwynd
558,Madelina
559,Bartholomew
560,Rubetta
561,Brennan
562,Ruperto
563,Gusta
564,Keriann
565,Innis
566,Frasier
567,Zebedee
568,Mattie
569,Jarad
570,Elle
571,Konstantin
572,Olag
573,Yves
574,Amberly
575,Paulita
576,Laurella
577,Barclay
578,Tabby
579,Lila
580,Linn
581,Rosabella
582,Adeline
583,Shelagh
584,Cathrine
585,Sosanna
586,Bekki
587,Tobie
588,Ninette
589,Kalil
590,Murry
591,Mata
592,Rowland
593,Deina
594,Crista
595,Neil
596,Alberto
597,Ruthi
598,Donal
599,Kilian
600,Somerset
601,Brennen
602,Alvera
603,Demetri
604,Sibilla
605,Kordula
606,Georg
607,Nikolos
608,Clemmy
609,Sashenka
610,Kaleena
611,Hort
612,Johna
613,Dorothea
614,Olva
615,Giraud
616,Brig
617,Janean
618,Noah
619,Eleonore
620,Juli
621,Andreas
622,Alicea
623,Alida
624,Madison
625,Heath
626,Elaine
627,Glad
628,Alyce
629,Nickey
630,Urbanus
631,Gilligan
632,Rand
633,Celia
634,Raquela
635,Grenville
636,Orelle
637,Julio
638,Kristos
639,Mindy
640,Bobina
641,Sayer
642,Bernadina
643,Isidor
644,Audi
645,Marcela
646,Morgan
647,Rois
648,Virge
649,Janela
650,Lesley
651,Arty
652,Billye
653,Erica
654,Gustave
655,Costanza
656,Lilli
657,Anatole
658,Werner
659,Berk
660,Lucais
661,Buddy
662,Diana
663,Nerissa
664,Jaquenette
665,Annalise
666,Jolene
667,Freeman
668,Buckie
669,Sibel
670,Zorana
671,Farris
672,Jackie
673,Obadias
674,Debbi
675,Giacomo
676,Helenelizabeth
677,Farrel
678,Putnam
679,Corrina
680,Taite
681,Elston
682,Beilul
683,Elset
684,Noland
685,Myrilla
686,Abey
687,Dewie
688,Gabriel
689,Marcille
690,Terrijo
691,Katey
692,Cherida
693,Estel
694,Kiele
695,Manny
696,Mina
697,Valeda
698,Zerk
699,Vidovic
700,Leonerd
701,Jeffy
702,Sloan
703,Shanan
704,Roobbie
705,Lynn
706,Selia
707,Ashlan
708,Deane
709,Ximenes
710,Jean
711,Mordecai
712,Simone
713,Shandra
714,Bride
715,Margette
716,Ezequiel
717,Myra
718,Deloris
719,Yorke
720,Jacquelynn
721,Esdras
722,Marylynne
723,Roz
724,Glori
725,Allene
726,Rosabel
727,Luise
728,Lucretia
729,Elizabet
730,Redd
731,Renaud
732,Esmaria
733,Jennifer
734,Linus
735,Penrod
736,Elisabeth
737,Brynna
738,Sonia
739,Winston
740,Barbara
741,Norman
742,Meade
743,Collete
744,Duffie
745,Pollyanna
746,Zonnya
747,Antoni
748,Ogdon
749,Krystalle
750,Yancy
751,Aleksandr
752,Cymbre
753,Buffy
754,Brose
755,Kelly
756,Manda
757,Leah
758,Meyer
759,Shirlene
760,Andria
761,Tawnya
762,Omero
763,Joleen
764,Ianthe
765,Nickolai
766,Bank
767,Diena
768,Kelly
769,Rutledge
770,Frances
771,Mendy
772,Maitilde
773,Uri
774,Euell
775,Vivie
776,Elly
777,Abbye
778,Jerrie
779,Marten
780,Kristy
781,Freida
782,Earlie
783,Rafaela
784,Lou
785,Arlyn
786,Duff
787,Harold
788,Conway
789,Lotti
790,Christy
791,Ardelis
792,Goober
793,Mariellen
794,Malcolm
795,Ernaline
796,Olympe
797,Carlye
798,Baxter
799,Salvatore
800,Ninon
801,Minna
802,Jocelyn
803,Harriot
804,Latrena
805,Winslow
806,Juan
807,Debera
808,Agneta
809,Erasmus
810,Tudor
811,Denise
812,Zea
813,Lyell
814,Mallissa
815,Kahlil
816,Ches
817,Glenden
818,Julietta
819,Erminia
820,Ketty
821,Glenden
822,Biron
823,Toinette
824,Rickard
825,George
826,Pauli
827,Leticia
828,Raddie
829,Daffy
830,Yance
831,Natalya
832,Gaby
833,Esma
834,Gates
835,Lilias
836,Broddy
837,Katuscha
838,Hatty
839,Michal
840,Izabel
841,Glenn
842,Maia
843,Dorene
844,Ingunna
845,Tiffani
846,Dona
847,Tremain
848,Cybill
849,Venus
850,Kyle
851,Clara
852,Dani
853,Elga
854,Franklyn
855,Janice
856,Binky
857,Fletcher
858,Muriel
859,Geraldine
860,Farrell
861,Ira
862,Christiane
863,Brynne
864,Hieronymus
865,Robert
866,Alix
867,Regan
868,Eamon
869,Phyllida
870,Roma
871,Arnaldo
872,Nancy
873,Ryann
874,Maggee
875,Myranda
876,Julita
877,Erena
878,Maureen
879,Dionne
880,Rahel
881,Mignon
882,Rea
883,Fina
884,Tomi
885,Hayward
886,Abbe
887,Carleen
888,Blancha
889,Clyve
890,Merrilee
891,Jamison
892,Geraldine
893,Robyn
894,Rakel
895,Amargo
896,Lainey
897,Sigismondo
898,Layney
899,Codee
900,Ofella
901,Sergent
902,Solly
903,Walt
904,Maribel
905,Lucias
906,Aldous
907,Hildagarde
908,Morgana
909,Helene
910,Granger
911,Louisette
912,Clevey
913,Luca
914,Torrie
915,Kylila
916,Ingunna
917,Ker
918,Tildie
919,Marie-ann
920,Cleveland
921,Mart
922,Sidney
923,Camile
924,Terry
925,Oralia
926,Stu
927,Killy
928,Westbrook
929,Nady
930,Blithe
931,Mireielle
932,Owen
933,Salomon
934,Gregor
935,Kirstin
936,Lexie
937,Benita
938,Floyd
939,Janel
940,Horatius
941,Hogan
942,Elbertina
943,Tersina
